m	p	s	method	ARI	RI	recall	precision
m5	mS	0	ancestree	0.831993675056	0.974789915966	1.0	0.732142857143
m5	mS	10	ancestree	0.977960118309	0.995670995671	1.0	0.961538461538
m5	mS	12	ancestree	1.0	1.0	1.0	1.0
m5	mS	2	ancestree	0.904255319149	0.975	1.0	0.85
m5	mS	3	ancestree	0.827988470529	0.976052249637	1.0	0.725
m5	mS	4	ancestree	1.0	1.0	1.0	1.0
m5	mS	5	ancestree	0.858908895458	0.97619047619	1.0	0.772727272727
m5	mS	7	ancestree	0.811127899742	0.957983193277	1.0	0.715909090909
m5	mS	8	ancestree	0.910970409614	0.978955007257	1.0	0.857142857143
m5	mS	9	ancestree	1.0	1.0	1.0	1.0
m5	S	17	ancestree	0.644005347053	0.858350951374	1.0	0.575949367089
m5	S	23	ancestree	0.722168642521	0.912653061224	1.0	0.629757785467
m5	S	25	ancestree	0.900763358779	0.984615384615	1.0	0.833333333333
m5	S	31	ancestree	0.440417479069	0.793277310924	1.0	0.369230769231
m5	S	32	ancestree	0.918294849023	0.976811594203	1.0	0.873015873016
m5	S	35	ancestree	0.636788753667	0.925609756098	1.0	0.508064516129
m5	S	40	ancestree	0.847800700662	0.967149758454	1.0	0.763888888889
m5	S	49	ancestree	0.851780603388	0.974358974359	1.0	0.763157894737
m5	S	62	ancestree	0.522855913409	0.866666666667	1.0	0.415094339623
m5	S	81	ancestree	0.746326161819	0.939516129032	1.0	0.638554216867
m5	M	209	ancestree	0.461945678663	0.850196078431	1.0	0.359060402685
m5	M	473	ancestree	0.908406851881	0.985159817352	1.0	0.845849802372
m5	M	512	ancestree	0.684782017763	0.945420906568	1.0	0.55303030303
m5	M	534	ancestree	0.951951077461	0.99053030303	1.0	0.918032786885
m5	M	545	ancestree	0.661614510391	0.935265700483	1.0	0.531468531469
m5	M	565	ancestree	0.804735819049	0.956302521008	1.0	0.707865168539
m5	M	694	ancestree	0.928219003661	0.986585365854	1.0	0.879120879121
m5	M	76	ancestree	0.908951798011	0.984162895928	1.0	0.847826086957
m5	M	865	ancestree	0.983875140122	0.996434937611	1.0	0.972222222222
m5	M	907	ancestree	0.818337571322	0.959284627093	1.0	0.725641025641
m5	R	1140	ancestree	0.806997742664	0.953216374269	1.0	0.714285714286
m5	R	17	ancestree	0.879315851837	0.975326560232	1.0	0.806818181818
m5	R	2155	ancestree	0.634594229796	0.914893617021	1.0	0.51269035533
m5	R	247	ancestree	0.803951829176	0.95818815331	1.0	0.704918032787
m5	R	518	ancestree	0.899512828841	0.978883861237	1.0	0.837209302326
m5	R	538	ancestree	0.86941942695	0.969696969697	1.0	0.796380090498
m5	R	571	ancestree	0.964224872232	0.993650793651	1.0	0.9375
m5	R	950	ancestree	0.934513274336	0.992887624467	1.0	0.883720930233
m5	R	955	ancestree	0.922000314515	0.987903225806	1.0	0.866666666667
m5	R	981	ancestree	0.598210662355	0.884699453552	1.0	0.490338164251
m8	mS	0	ancestree	0.714769453887	0.971428571429	1.0	0.573170731707
m8	mS	10	ancestree	0.983838058419	0.995570321152	1.0	0.973333333333
m8	mS	12	ancestree	0.774239459171	0.968085106383	1.0	0.653846153846
m8	mS	2	ancestree	0.869927737632	0.977207977208	1.0	0.789473684211
m8	mS	3	ancestree	0.792601659187	0.975409836066	1.0	0.673913043478
m8	mS	4	ancestree	0.980020859577	0.997175141243	1.0	0.963768115942
m8	mS	5	ancestree	0.680616944855	0.957013574661	1.0	0.540322580645
m8	mS	7	ancestree	0.865690709658	0.981224489796	1.0	0.778846153846
m8	mS	8	ancestree	0.919275969004	0.989010989011	1.0	0.860759493671
m8	mS	9	ancestree	0.736401150431	0.965725806452	1.0	0.604651162791
m8	S	0	ancestree	0.803191489362	0.982211538462	1.0	0.683760683761
m8	S	12	ancestree	0.813793103448	0.980952380952	1.0	0.7
m8	S	23	ancestree	0.77849023163	0.951348492861	1.0	0.673758865248
m8	S	2	ancestree	0.856760991796	0.981646825397	1.0	0.764331210191
m8	S	31	ancestree	0.989010989011	0.998367346939	1.0	0.98
m8	S	35	ancestree	0.650907818728	0.950630630631	1.0	0.508960573477
m8	S	37	ancestree	0.901931505111	0.985110663984	1.0	0.834821428571
m8	S	54	ancestree	0.733116732421	0.950310559006	1.0	0.611650485437
m8	S	5	ancestree	0.774930451455	0.966983265491	1.0	0.655660377358
m8	S	69	ancestree	0.604434072345	0.887896825397	1.0	0.495535714286
m8	M	172	ancestree	0.609708101017	0.957837301587	1.0	0.458598726115
m8	M	19	ancestree	0.866767219708	0.979035639413	1.0	0.782608695652
m8	M	216	ancestree	0.805645643292	0.970961887477	1.0	0.696202531646
m8	M	239	ancestree	0.843419135503	0.970192307692	1.0	0.753968253968
m8	M	241	ancestree	0.870606411742	0.981908638625	1.0	0.786096256684
m8	M	243	ancestree	0.771962017913	0.969270640504	1.0	0.649789029536
m8	M	35	ancestree	0.827005949572	0.979326923077	1.0	0.720779220779
m8	M	45	ancestree	0.723551489792	0.953950444133	1.0	0.59631147541
m8	M	76	ancestree	0.947183011615	0.993506493506	1.0	0.905940594059
m8	M	7	ancestree	0.814700745554	0.978554778555	1.0	0.703225806452
m8	R	10046	ancestree	0.930329147702	0.98990990991	1.0	0.879310344828
m8	R	10157	ancestree	0.646176262525	0.971322849214	1.0	0.491803278689
m8	R	1070	ancestree	0.974865535788	0.99537037037	1.0	0.955882352941
m8	R	157	ancestree	0.896479180088	0.985074626866	1.0	0.825641025641
m8	R	30342	ancestree	0.804048909392	0.959183673469	1.0	0.704142011834
m8	R	383	ancestree	0.853611575118	0.975609756098	1.0	0.764872521246
m8	R	394	ancestree	0.791797706855	0.97012802276	1.0	0.676923076923
m8	R	905	ancestree	0.815348118542	0.972746331237	1.0	0.708955223881
m8	R	981	ancestree	0.937746687336	0.991960420532	1.0	0.890449438202
m8	R	9	ancestree	0.827879303017	0.974825174825	1.0	0.725888324873
m5	mS	0	phylowgs	0.777672995142	0.964705882353	1.0	0.661290322581
m5	mS	10	phylowgs	0.825718836449	0.961038961039	1.0	0.735294117647
m5	mS	12	phylowgs	0.746666666667	0.970760233918	0.888888888889	0.666666666667
m5	mS	2	phylowgs	0.703237410072	0.908333333333	1.0	0.607142857143
m5	mS	3	phylowgs	0.746801827725	0.961538461538	1.0	0.621428571429
m5	mS	4	phylowgs	0.990388116216	0.998106060606	1.0	0.983050847458
m5	mS	5	phylowgs	0.811393379523	0.966666666667	1.0	0.708333333333
m5	mS	7	phylowgs	0.830769230769	0.963025210084	1.0	0.741176470588
m5	mS	8	phylowgs	0.934324659232	0.984760522496	1.0	0.892307692308
m5	mS	9	phylowgs	1.0	1.0	1.0	1.0
m5	S	17	phylowgs	0.979842891032	0.993657505285	1.0	0.968085106383
m5	S	23	phylowgs	0.767797080878	0.929795918367	1.0	0.679104477612
m5	S	25	phylowgs	0.795422031474	0.966153846154	0.96	0.705882352941
m5	S	31	phylowgs	0.816376915955	0.954621848739	1.0	0.727272727273
m5	S	32	phylowgs	0.996403815083	0.999033816425	1.0	0.993975903614
m5	S	35	phylowgs	0.612771356076	0.918292682927	1.0	0.484615384615
m5	S	40	phylowgs	0.81703419985	0.96231884058	0.918181818182	0.770992366412
m5	S	49	phylowgs	0.797064709807	0.962962962963	1.0	0.690476190476
m5	S	62	phylowgs	0.643186003683	0.913978494624	1.0	0.52380952381
m5	S	81	phylowgs	0.867526422221	0.971774193548	1.0	0.791044776119
m5	M	209	phylowgs	0.534421786046	0.883137254902	1.0	0.41796875
m5	M	473	phylowgs	0.881620785167	0.980593607306	0.985981308411	0.814671814672
m5	M	512	phylowgs	0.741607511132	0.960222016651	0.945205479452	0.638888888889
m5	M	534	phylowgs	0.942774566474	0.988636363636	1.0	0.903225806452
m5	M	545	phylowgs	0.659655099918	0.941062801932	0.894736842105	0.561983471074
m5	M	565	phylowgs	0.824143204102	0.961344537815	1.0	0.732558139535
m5	M	694	phylowgs	0.858811199281	0.971951219512	1.0	0.776699029126
m5	M	76	phylowgs	0.941113775646	0.990196078431	0.982905982906	0.912698412698
m5	M	865	phylowgs	0.854587869362	0.964349376114	1.0	0.777777777778
m5	M	907	phylowgs	0.955631699948	0.991248097412	0.989399293286	0.933333333333
m5	R	1140	phylowgs	0.806997742664	0.953216374269	1.0	0.714285714286
m5	R	17	phylowgs	0.845073378405	0.967343976778	1.0	0.75935828877
m5	R	2155	phylowgs	0.57052174293	0.891843971631	1.0	0.452914798206
m5	R	247	phylowgs	0.893632208206	0.979094076655	1.0	0.826923076923
m5	R	518	phylowgs	0.873642081189	0.972850678733	1.0	0.8
m5	R	538	phylowgs	0.856499000808	0.96632996633	1.0	0.778761061947
m5	R	571	phylowgs	0.930463576159	0.987301587302	1.0	0.882352941176
m5	R	950	phylowgs	0.755685986794	0.97439544808	0.789473684211	0.75
m5	R	955	phylowgs	0.986246672582	0.997983870968	1.0	0.975
m5	R	981	phylowgs	0.607958287947	0.890163934426	0.985221674877	0.502512562814
m8	mS	0	phylowgs	0.658936935042	0.963265306122	1.0	0.510869565217
m8	mS	10	phylowgs	0.979852654407	0.99446290144	1.0	0.966887417219
m8	mS	12	phylowgs	0.769240976645	0.96719858156	1.0	0.647619047619
m8	mS	2	phylowgs	0.801978908996	0.962962962963	1.0	0.697674418605
m8	mS	3	phylowgs	0.695506118209	0.95956284153	1.0	0.556886227545
m8	mS	4	phylowgs	0.93836859584	0.990960451977	1.0	0.892617449664
m8	mS	5	phylowgs	0.805444425968	0.977375565611	1.0	0.690721649485
m8	mS	7	phylowgs	0.83894142727	0.977142857143	0.987654320988	0.747663551402
m8	mS	8	phylowgs	0.890032575157	0.984681984682	0.995098039216	0.818548387097
m8	mS	9	phylowgs	0.6231851435	0.945564516129	0.961538461538	0.490196078431
m8	S	0	phylowgs	0.686079545455	0.967307692308	1.0	0.540540540541
m8	S	12	phylowgs	0.637197664721	0.953968253968	1.0	0.491228070175
m8	S	23	phylowgs	0.770624535654	0.949233209942	1.0	0.664335664336
m8	S	2	phylowgs	0.796398891967	0.972222222222	1.0	0.681818181818
m8	S	31	phylowgs	0.947011445528	0.991836734694	1.0	0.907407407407
m8	S	35	phylowgs	0.642258605131	0.948828828829	1.0	0.5
m8	S	37	phylowgs	0.832948216405	0.973038229376	0.994652406417	0.738095238095
m8	S	54	phylowgs	0.679958987879	0.937060041408	0.994708994709	0.554572271386
m8	S	5	phylowgs	0.783765894147	0.968792401628	0.992805755396	0.669902912621
m8	S	69	phylowgs	0.608080258602	0.889384920635	1.0	0.498876404494
m8	M	172	phylowgs	0.568434032059	0.950396825397	1.0	0.418604651163
m8	M	19	phylowgs	0.850133067199	0.976240391335	0.990740740741	0.764285714286
m8	M	216	phylowgs	0.72542884207	0.955232909861	1.0	0.597826086957
m8	M	239	phylowgs	0.785123966942	0.956730769231	1.0	0.678571428571
m8	M	241	phylowgs	0.78033671661	0.966530981456	0.993197278912	0.666666666667
m8	M	243	phylowgs	0.708767230568	0.957793409848	1.0	0.574626865672
m8	M	35	phylowgs	0.748055542301	0.968269230769	0.963963963964	0.633136094675
m8	M	45	phylowgs	0.770819897184	0.963768115942	1.0	0.652466367713
m8	M	76	phylowgs	0.898560165241	0.987012987013	0.994535519126	0.831050228311
m8	M	7	phylowgs	0.733456176041	0.967365967366	0.963302752294	0.614035087719
m8	R	10046	phylowgs	0.891928310499	0.983783783784	1.0	0.819277108434
m8	R	10157	phylowgs	0.50611706178	0.950046253469	1.0	0.357142857143
m8	R	1070	phylowgs	0.897920604915	0.979938271605	1.0	0.833333333333
m8	R	157	phylowgs	0.851326414394	0.977611940299	1.0	0.759433962264
m8	R	30342	phylowgs	0.804048909392	0.959183673469	1.0	0.704142011834
m8	R	383	phylowgs	0.792896814303	0.963855421687	0.985185185185	0.690909090909
m8	R	394	phylowgs	0.738286443653	0.960170697013	1.0	0.611111111111
m8	R	905	phylowgs	0.762433960606	0.964360587002	0.957894736842	0.659420289855
m8	R	981	phylowgs	0.861897973421	0.980828695114	1.0	0.773170731707
m8	R	9	phylowgs	0.757396449704	0.961771561772	1.0	0.635555555556
m5	mS	0	clomial	0.651735929269	0.936134453782	1.0	0.518987341772
m5	mS	10	clomial	0.680544435548	0.917748917749	1.0	0.568181818182
m5	mS	12	clomial	0.615384615385	0.941520467836	1.0	0.473684210526
m5	mS	2	clomial	0.643008924777	0.883333333333	1.0	0.548387096774
m5	mS	3	clomial	0.592899387918	0.925253991292	1.0	0.457894736842
m5	mS	4	clomial	0.869522240527	0.971590909091	1.0	0.794520547945
m5	mS	5	clomial	0.611510791367	0.914285714286	1.0	0.485714285714
m5	mS	7	clomial	0.676102340773	0.917647058824	1.0	0.5625
m5	mS	8	clomial	0.709153464255	0.917997097242	1.0	0.606271777003
m5	mS	9	clomial	0.87323943662	0.972222222222	1.0	0.8
m5	S	17	clomial	0.928456514266	0.976744186047	1.0	0.892156862745
m5	S	23	clomial	0.697631873158	0.902857142857	1.0	0.604651162791
m5	S	25	clomial	0.702557200538	0.947692307692	0.92	0.605263157895
m5	S	31	clomial	0.670158726567	0.917647058824	0.861111111111	0.613861386139
m5	S	32	clomial	0.769108841141	0.926570048309	1.0	0.684647302905
m5	S	35	clomial	0.477395514185	0.867073170732	1.0	0.366279069767
m5	S	40	clomial	0.686050382865	0.92077294686	1.0	0.572916666667
m5	S	49	clomial	0.724910283381	0.945868945869	1.0	0.604166666667
m5	S	62	clomial	0.458132179124	0.834408602151	1.0	0.363636363636
m5	S	81	clomial	0.648432925514	0.907258064516	1.0	0.535353535354
m5	M	209	clomial	0.418340616762	0.826666666667	1.0	0.326219512195
m5	M	473	clomial	0.626001326299	0.926179604262	0.897196261682	0.527472527473
m5	M	512	clomial	0.548097498789	0.906567992599	1.0	0.419540229885
m5	M	534	clomial	0.942774566474	0.988636363636	1.0	0.903225806452
m5	M	545	clomial	0.607841794601	0.919806763285	1.0	0.477987421384
m5	M	565	clomial	0.739112401493	0.93781512605	1.0	0.63
m5	M	694	clomial	0.782826874826	0.953658536585	1.0	0.677966101695
m5	M	76	clomial	0.615602035048	0.909502262443	1.0	0.493670886076
m5	M	865	clomial	0.748424555689	0.932263814617	1.0	0.648148148148
m5	M	907	clomial	0.777900477779	0.948630136986	0.992932862191	0.678743961353
m5	R	1140	clomial	0.679575265459	0.912280701754	1.0	0.571428571429
m5	R	17	clomial	0.595107014722	0.88969521045	1.0	0.482993197279
m5	R	2155	clomial	0.541965445883	0.880319148936	1.0	0.427966101695
m5	R	247	clomial	0.54667355801	0.873403019744	0.988372093023	0.440414507772
m5	R	518	clomial	0.739518437447	0.93665158371	1.0	0.631578947368
m5	R	538	clomial	0.856499000808	0.96632996633	1.0	0.778761061947
m5	R	571	clomial	0.746376811594	0.952380952381	0.85	0.708333333333
m5	R	950	clomial	0.718670796959	0.961593172119	1.0	0.584615384615
m5	R	955	clomial	0.706694825766	0.943548387097	1.0	0.582089552239
m5	R	981	clomial	0.570324702677	0.872677595628	1.0	0.465596330275
m8	mS	0	clomial	0.487301436317	0.928163265306	1.0	0.348148148148
m8	mS	10	clomial	0.908055729971	0.97342192691	1.0	0.858823529412
m8	mS	12	clomial	0.469705046198	0.887411347518	1.0	0.348717948718
m8	mS	2	clomial	0.679012345679	0.931623931624	1.0	0.555555555556
m8	mS	3	clomial	0.49029004037	0.909289617486	1.0	0.359073359073
m8	mS	4	clomial	0.757862403829	0.957627118644	1.0	0.639423076923
m8	mS	5	clomial	0.521073417722	0.919306184012	1.0	0.385057471264
m8	mS	7	clomial	0.637531068766	0.934693877551	1.0	0.503105590062
m8	mS	8	clomial	0.591611929338	0.92007992008	1.0	0.459459459459
m8	mS	9	clomial	0.436265081308	0.895161290323	0.923076923077	0.324324324324
m8	S	0	clomial	0.431558935361	0.911538461538	1.0	0.30303030303
m8	S	12	clomial	0.415130940834	0.893650793651	1.0	0.294736842105
m8	S	23	clomial	0.770826184076	0.949762030672	0.989473684211	0.669039145907
m8	S	2	clomial	0.521875576888	0.908234126984	0.991666666667	0.392739273927
m8	S	31	clomial	0.536222071767	0.888163265306	1.0	0.417021276596
m8	S	35	clomial	0.325898590645	0.834234234234	1.0	0.235880398671
m8	S	37	clomial	0.624097040121	0.923138832998	1.0	0.494708994709
m8	S	54	clomial	0.670487106017	0.934161490683	1.0	0.543103448276
m8	S	5	clomial	0.519320734663	0.902306648575	1.0	0.391549295775
m8	S	69	clomial	0.554192711405	0.866071428571	1.0	0.451219512195
m8	M	172	clomial	0.183631713555	0.77380952381	0.972222222222	0.13358778626
m8	M	19	clomial	0.64976179499	0.939902166317	0.851851851852	0.567901234568
m8	M	216	clomial	0.527834013518	0.903206291591	0.972727272727	0.405303030303
m8	M	239	clomial	0.783159582999	0.95625	1.0	0.67615658363
m8	M	241	clomial	0.589378440418	0.920850293985	1.0	0.45652173913
m8	M	243	clomial	0.519505847472	0.910033320992	1.0	0.387909319899
m8	M	35	clomial	0.459023641707	0.894230769231	1.0	0.335347432024
m8	M	45	clomial	0.438808495171	0.86231884058	0.996563573883	0.330296127563
m8	M	76	clomial	0.604078416196	0.934039644566	0.92349726776	0.485632183908
m8	M	7	clomial	0.469133241723	0.902097902098	1.0	0.341692789969
m8	R	10046	clomial	0.530498811503	0.897657657658	0.955882352941	0.414893617021
m8	R	10157	clomial	0.342999500545	0.906567992599	1.0	0.229007633588
m8	R	1070	clomial	0.80381517433	0.960185185185	0.941538461538	0.735576923077
m8	R	157	clomial	0.590249148248	0.917910447761	0.987577639752	0.462209302326
m8	R	30342	clomial	0.697365775186	0.929795918367	1.0	0.580487804878
m8	R	383	clomial	0.722475941934	0.947105495151	1.0	0.6
m8	R	394	clomial	0.63072128124	0.935988620199	1.0	0.494382022472
m8	R	905	clomial	0.670018728804	0.942697414396	1.0	0.536723163842
m8	R	981	clomial	0.697297355837	0.950113378685	0.993690851735	0.567567567568
m8	R	9	clomial	0.578905630452	0.917482517483	1.0	0.446875
m5	mS	0	sciclone	0.531545244594	0.899159663866	1.0	0.405940594059
m5	mS	10	sciclone	0.610455311973	0.891774891775	1.0	0.5
m5	mS	12	sciclone	0.615384615385	0.941520467836	1.0	0.473684210526
m5	mS	2	sciclone	0.643008924777	0.883333333333	1.0	0.548387096774
m5	mS	3	sciclone	0.587841186826	0.923802612482	1.0	0.453125
m5	mS	4	sciclone	0.893448136688	0.977272727273	1.0	0.828571428571
m5	mS	5	sciclone	0.626334519573	0.919047619048	1.0	0.5
m5	mS	7	sciclone	0.676102340773	0.917647058824	1.0	0.5625
m5	mS	8	sciclone	0.891227700889	0.973875181422	1.0	0.828571428571
m5	S	23	sciclone	0.697631873158	0.902857142857	1.0	0.604651162791
m5	S	25	sciclone	0.599118942731	0.913846153846	1.0	0.471698113208
m5	S	31	sciclone	0.258959645222	0.640336134454	1.0	0.251748251748
m5	S	32	sciclone	0.806021583386	0.940096618357	1.0	0.726872246696
m5	S	35	sciclone	0.499504459861	0.876829268293	1.0	0.384146341463
m5	S	40	sciclone	0.753961965135	0.942028985507	1.0	0.647058823529
m5	S	49	sciclone	0.414183698596	0.826210826211	1.0	0.322222222222
m5	S	62	sciclone	0.371804720405	0.78064516129	1.0	0.301369863014
m5	S	81	sciclone	0.637504187095	0.903225806452	1.0	0.524752475248
m5	M	209	sciclone	0.374194735873	0.799215686275	1.0	0.29476584022
m5	M	473	sciclone	0.413494584667	0.827625570776	1.0	0.32083958021
m5	M	512	sciclone	0.545382579225	0.905642923219	1.0	0.417142857143
m5	M	534	sciclone	0.744680851064	0.939393939394	1.0	0.636363636364
m5	M	545	sciclone	0.313939693946	0.774879227053	1.0	0.245954692557
m5	M	565	sciclone	0.666358808589	0.914285714286	1.0	0.552631578947
m5	M	694	sciclone	0.72497698277	0.937804878049	1.0	0.610687022901
m5	M	76	sciclone	0.716247623072	0.940422322775	1.0	0.59693877551
m5	M	865	sciclone	0.678126930885	0.907308377897	1.0	0.573770491803
m5	M	907	sciclone	0.772319688109	0.946727549467	1.0	0.669030732861
m5	R	1140	sciclone	0.679575265459	0.912280701754	1.0	0.571428571429
m5	R	17	sciclone	0.544116684723	0.867924528302	1.0	0.438271604938
m5	R	518	sciclone	0.848884192205	0.966817496229	1.0	0.765957446809
m5	R	538	sciclone	0.68251383914	0.912457912458	1.0	0.575163398693
m5	R	571	sciclone	0.716216216216	0.936507936508	1.0	0.6
m5	R	950	sciclone	0.162450066578	0.661450924609	1.0	0.13768115942
m5	R	955	sciclone	0.584211101797	0.907258064516	1.0	0.458823529412
m5	R	981	sciclone	0.489211953597	0.832786885246	1.0	0.398821218075
m8	mS	0	sciclone	0.287790697674	0.846530612245	1.0	0.2
m8	mS	10	sciclone	0.708205197097	0.901439645626	1.0	0.621276595745
m8	mS	12	sciclone	0.571132310245	0.921985815603	1.0	0.435897435897
m8	mS	2	sciclone	0.742101396032	0.948717948718	1.0	0.625
m8	mS	3	sciclone	0.15346739435	0.659016393443	1.0	0.129707112971
m8	mS	4	sciclone	0.513538419256	0.884745762712	1.0	0.394658753709
m8	mS	5	sciclone	0.389741257057	0.870286576169	1.0	0.280334728033
m8	mS	7	sciclone	0.152319288669	0.604081632653	1.0	0.143109540636
m8	mS	8	sciclone	0.307825163449	0.781884781885	1.0	0.237485448196
m8	S	0	sciclone	0.205709711846	0.779807692308	1.0	0.148698884758
m8	S	12	sciclone	0.0176042529086	0.204761904762	1.0	0.0529300567108
m8	S	23	sciclone	0.455933936103	0.826017979905	1.0	0.366088631985
m8	S	2	sciclone	0.266457680251	0.767857142857	1.0	0.204081632653
m8	S	31	sciclone	0.138142183577	0.540408163265	1.0	0.1482602118
m8	S	35	sciclone	0.294714220528	0.813333333333	1.0	0.215151515152
m8	S	37	sciclone	0.544468925711	0.896579476861	1.0	0.421171171171
m8	S	54	sciclone	0.626482956682	0.92132505176	1.0	0.498680738786
m8	S	5	sciclone	0.25298160897	0.746268656716	1.0	0.198571428571
m8	S	69	sciclone	0.567321514135	0.872023809524	1.0	0.4625
m8	M	172	sciclone	0.0286405808794	0.31746031746	1.0	0.0497237569061
m8	M	19	sciclone	0.528528528529	0.890286512928	1.0	0.407547169811
m8	M	216	sciclone	0.295992551971	0.775559588627	1.0	0.22869022869
m8	M	239	sciclone	0.69383025368	0.932211538462	1.0	0.574018126888
m8	M	241	sciclone	0.364095705157	0.824061510629	1.0	0.274253731343
m8	M	243	sciclone	0.193373246581	0.696038504258	1.0	0.157948717949
m8	M	35	sciclone	0.155647663267	0.652884615385	1.0	0.133253301321
m8	M	45	sciclone	0.509936411143	0.892239364189	1.0	0.386968085106
m8	M	76	sciclone	0.673237268629	0.946343130554	1.0	0.538235294118
m8	M	7	sciclone	0.128443148175	0.612587412587	1.0	0.115957446809
m8	R	10046	sciclone	0.60289092006	0.918198198198	1.0	0.473317865429
m8	R	10157	sciclone	0.0847133456829	0.6355226642	1.0	0.0707547169811
m8	R	1070	sciclone	0.428661543755	0.810185185185	1.0	0.345744680851
m8	R	157	sciclone	0.381273662684	0.826602282704	1.0	0.289568345324
m8	R	30342	sciclone	0.692073902263	0.928163265306	1.0	0.574879227053
m8	R	383	sciclone	0.633919737041	0.922715251249	1.0	0.506566604128
m8	R	394	sciclone	0.217051399762	0.708392603129	1.0	0.176706827309
m8	R	905	sciclone	0.383500618727	0.835779175402	1.0	0.287878787879
m8	R	981	sciclone	0.365654963593	0.827252112966	1.0	0.274458874459
m8	R	9	sciclone	0.450549450549	0.869463869464	1.0	0.338061465721
m5	mS	0	pyclone	0.699254862957	0.947899159664	1.0	0.569444444444
m5	mS	10	pyclone	0.719915125796	0.930735930736	1.0	0.609756097561
m5	mS	12	pyclone	0.615384615385	0.941520467836	1.0	0.473684210526
m5	mS	2	pyclone	0.770883054893	0.933333333333	1.0	0.68
m5	mS	3	pyclone	0.600619069425	0.927431059507	1.0	0.465240641711
m5	mS	4	pyclone	0.869522240527	0.971590909091	1.0	0.794520547945
m5	mS	5	pyclone	0.691525423729	0.938095238095	1.0	0.566666666667
m5	mS	7	pyclone	0.786005729664	0.951260504202	1.0	0.684782608696
m5	mS	8	pyclone	0.891227700889	0.973875181422	1.0	0.828571428571
m5	mS	9	pyclone	0.769230769231	0.944444444444	1.0	0.666666666667
m5	S	17	pyclone	0.627621001275	0.849894291755	1.0	0.561728395062
m5	S	23	pyclone	0.781509457519	0.934693877551	1.0	0.69465648855
m5	S	25	pyclone	0.832618025751	0.972307692308	1.0	0.735294117647
m5	S	31	pyclone	0.425017416905	0.783193277311	1.0	0.358208955224
m5	S	32	pyclone	0.874701328491	0.963285024155	1.0	0.812807881773
m5	S	35	pyclone	0.60128367208	0.914634146341	1.0	0.473684210526
m5	S	40	pyclone	0.78812691914	0.951690821256	1.0	0.6875
m5	S	49	pyclone	0.759630200308	0.954415954416	1.0	0.644444444444
m5	S	62	pyclone	0.450329936706	0.830107526882	1.0	0.357723577236
m5	S	81	pyclone	0.659627561683	0.911290322581	1.0	0.546391752577
m5	M	209	pyclone	0.418340616762	0.826666666667	1.0	0.326219512195
m5	M	473	pyclone	0.799016577147	0.963850837139	1.0	0.692556634304
m5	M	512	pyclone	0.559170615018	0.91026827012	1.0	0.429411764706
m5	M	534	pyclone	0.673561151079	0.916666666667	1.0	0.56
m5	M	545	pyclone	0.586437457267	0.913043478261	1.0	0.457831325301
m5	M	565	pyclone	0.744744744745	0.939495798319	1.0	0.636363636364
m5	M	694	pyclone	0.755290287575	0.946341463415	1.0	0.645161290323
m5	M	76	pyclone	0.834087122114	0.969079939668	1.0	0.740506329114
m5	M	865	pyclone	0.781637717122	0.942959001783	1.0	0.686274509804
m5	M	907	pyclone	0.812545304058	0.957762557078	1.0	0.718274111675
m5	R	1140	pyclone	0.748563026333	0.93567251462	1.0	0.645161290323
m5	R	17	pyclone	0.753678189368	0.943396226415	1.0	0.645454545455
m5	R	2155	pyclone	0.40204677645	0.808510638298	1.0	0.318611987382
m5	R	247	pyclone	0.637678380236	0.908246225319	1.0	0.521212121212
m5	R	518	pyclone	0.739518437447	0.93665158371	1.0	0.631578947368
m5	R	538	pyclone	0.841363102233	0.96228956229	1.0	0.758620689655
m5	R	571	pyclone	0.861035422343	0.973015873016	1.0	0.779220779221
m5	R	950	pyclone	0.79532882606	0.97439544808	1.0	0.678571428571
m5	R	955	pyclone	0.875458243359	0.979838709677	1.0	0.795918367347
m5	R	981	pyclone	0.570324702677	0.872677595628	1.0	0.465596330275
m8	mS	0	pyclone	0.444713389812	0.915918367347	1.0	0.313333333333
m8	mS	10	pyclone	0.859519696064	0.957918050941	1.0	0.79347826087
m8	mS	12	pyclone	0.589825457642	0.927304964539	1.0	0.453333333333
m8	mS	2	pyclone	0.441877981421	0.837606837607	1.0	0.344827586207
m8	mS	3	pyclone	0.580176512093	0.934972677596	1.0	0.438679245283
m8	mS	4	pyclone	0.765618965295	0.959322033898	1.0	0.648780487805
m8	mS	5	pyclone	0.618066746071	0.94419306184	1.0	0.475177304965
m8	mS	7	pyclone	0.712327214129	0.952653061224	1.0	0.58273381295
m8	mS	8	pyclone	0.58398267597	0.917748917749	1.0	0.452328159645
m8	mS	9	pyclone	0.178452344866	0.691532258065	1.0	0.145251396648
m8	S	0	pyclone	0.396017699115	0.899038461538	1.0	0.275862068966
m8	S	12	pyclone	0.332953249715	0.855555555556	1.0	0.235294117647
m8	S	23	pyclone	0.69308005871	0.926493918562	1.0	0.577507598784
m8	S	2	pyclone	0.502369668246	0.900793650794	1.0	0.375
m8	S	31	pyclone	0.589449207964	0.907755102041	1.0	0.464454976303
m8	S	35	pyclone	0.319062304395	0.82990990991	1.0	0.231270358306
m8	S	37	pyclone	0.617454492903	0.921126760563	1.0	0.488250652742
m8	S	54	pyclone	0.626482956682	0.92132505176	1.0	0.498680738786
m8	S	5	pyclone	0.645196985047	0.939393939394	1.0	0.509157509158
m8	S	69	pyclone	0.534215297831	0.856646825397	1.0	0.434442270059
m8	M	172	pyclone	0.216125419933	0.801587301587	1.0	0.152542372881
m8	M	19	pyclone	0.478340965314	0.869322152341	1.0	0.366101694915
m8	M	216	pyclone	0.662437955048	0.9407138536	1.0	0.528846153846
m8	M	239	pyclone	0.44132556556	0.829326923077	1.0	0.348623853211
m8	M	241	pyclone	0.589378440418	0.920850293985	1.0	0.45652173913
m8	M	243	pyclone	0.259219958519	0.768233987412	1.0	0.197435897436
m8	M	35	pyclone	0.305817015618	0.815384615385	1.0	0.224242424242
m8	M	45	pyclone	0.536713587648	0.902057035998	1.0	0.40985915493
m8	M	76	pyclone	0.756797234842	0.963773069036	1.0	0.63321799308
m8	M	7	pyclone	0.496838185729	0.911421911422	1.0	0.364548494983
m8	R	10046	pyclone	0.583711442125	0.912072072072	1.0	0.455357142857
m8	R	10157	pyclone	0.275273422256	0.876040703053	1.0	0.182926829268
m8	R	1070	pyclone	0.728273263596	0.937345679012	1.0	0.61553030303
m8	R	157	pyclone	0.607732764139	0.922300263389	1.0	0.476331360947
m8	R	30342	pyclone	0.676550395218	0.923265306122	1.0	0.558685446009
m8	R	383	pyclone	0.583298178162	0.906259183074	1.0	0.458404074703
m8	R	394	pyclone	0.671664904993	0.945945945946	1.0	0.536585365854
m8	R	905	pyclone	0.478310672198	0.881900768693	1.0	0.359848484848
m8	R	981	pyclone	0.760751297942	0.963100391672	1.0	0.639112903226
m8	R	9	pyclone	0.692307692308	0.947785547786	1.0	0.560784313725
m5	mS	0	pyclone_binomial	0.713871154962	0.951260504202	1.0	0.585714285714
m5	mS	10	pyclone_binomial	0.842696629213	0.965367965368	1.0	0.757575757576
m5	mS	12	pyclone_binomial	0.767726161369	0.970760233918	1.0	0.642857142857
m5	mS	2	pyclone_binomial	0.4921875	0.891666666667	0.470588235294	0.666666666667
m5	mS	3	pyclone_binomial	0.761936325494	0.964441219158	1.0	0.639705882353
m5	mS	4	pyclone_binomial	0.901646006909	0.979166666667	1.0	0.840579710145
m5	mS	5	pyclone_binomial	0.754336425978	0.953968253968	1.0	0.6375
m5	mS	7	pyclone_binomial	0.786005729664	0.951260504202	1.0	0.684782608696
m5	mS	8	pyclone_binomial	0.733896470894	0.926705370102	1.0	0.632727272727
m5	mS	9	pyclone_binomial	1.0	1.0	1.0	1.0
m5	S	17	pyclone_binomial	0.953731781278	0.985200845666	1.0	0.928571428571
m5	S	23	pyclone_binomial	0.781509457519	0.934693877551	1.0	0.69465648855
m5	S	25	pyclone_binomial	0.801664355062	0.966153846154	1.0	0.694444444444
m5	S	31	pyclone_binomial	0.810552649534	0.952941176471	1.0	0.72
m5	S	32	pyclone_binomial	0.848095929552	0.954589371981	1.0	0.778301886792
m5	S	35	pyclone_binomial	0.636788753667	0.925609756098	1.0	0.508064516129
m5	S	40	pyclone_binomial	0.781112737921	0.949758454106	1.0	0.679012345679
m5	S	49	pyclone_binomial	0.810201874549	0.965811965812	1.0	0.707317073171
m5	S	62	pyclone_binomial	0.600945825041	0.898924731183	1.0	0.483516483516
m5	S	81	pyclone_binomial	0.803521912924	0.95564516129	1.0	0.706666666667
m5	M	209	pyclone_binomial	0.461945678663	0.850196078431	1.0	0.359060402685
m5	M	473	pyclone_binomial	0.689426669111	0.937214611872	1.0	0.564643799472
m5	M	512	pyclone_binomial	0.62020505286	0.928769657724	1.0	0.486666666667
m5	M	534	pyclone_binomial	0.673561151079	0.916666666667	1.0	0.56
m5	M	545	pyclone_binomial	0.637203353702	0.928502415459	1.0	0.506666666667
m5	M	565	pyclone_binomial	0.744744744745	0.939495798319	1.0	0.636363636364
m5	M	694	pyclone_binomial	0.864279265724	0.973170731707	1.0	0.78431372549
m5	M	76	pyclone_binomial	0.877758492437	0.978129713424	1.0	0.801369863014
m5	M	865	pyclone_binomial	0.799021606196	0.948306595365	1.0	0.707070707071
m5	M	907	pyclone_binomial	0.79413730497	0.952815829528	1.0	0.695331695332
m5	R	1140	pyclone_binomial	0.920254935489	0.982456140351	1.0	0.869565217391
m5	R	17	pyclone_binomial	0.818551572787	0.960812772134	1.0	0.724489795918
m5	R	2155	pyclone_binomial	0.603775425906	0.904255319149	1.0	0.483253588517
m5	R	247	pyclone_binomial	0.747463501356	0.943089430894	1.0	0.637037037037
m5	R	518	pyclone_binomial	0.899512828841	0.978883861237	1.0	0.837209302326
m5	R	538	pyclone_binomial	0.853948791922	0.965656565657	1.0	0.775330396476
m5	R	571	pyclone_binomial	0.922318125771	0.985714285714	1.0	0.869565217391
m5	R	950	pyclone_binomial	0.768267223382	0.97012802276	1.0	0.64406779661
m5	R	955	pyclone_binomial	0.875458243359	0.979838709677	1.0	0.795918367347
m5	R	981	pyclone_binomial	0.570324702677	0.872677595628	1.0	0.465596330275
m8	mS	0	pyclone_binomial	0.556064804946	0.944489795918	1.0	0.408695652174
m8	mS	10	pyclone_binomial	0.89383251033	0.968992248062	1.0	0.83908045977
m8	mS	12	pyclone_binomial	0.515217114479	0.904255319149	1.0	0.386363636364
m8	mS	2	pyclone_binomial	0.765178123432	0.954415954416	1.0	0.652173913043
m8	mS	3	pyclone_binomial	0.617212345709	0.943715846995	1.0	0.474489795918
m8	mS	4	pyclone_binomial	0.773505335504	0.961016949153	1.0	0.658415841584
m8	mS	5	pyclone_binomial	0.631879942573	0.947209653092	1.0	0.489051094891
m8	mS	7	pyclone_binomial	0.719835331787	0.954285714286	1.0	0.591240875912
m8	mS	8	pyclone_binomial	0.66539806797	0.940392940393	1.0	0.532637075718
m8	mS	9	pyclone_binomial	0.523121658381	0.917338709677	1.0	0.388059701493
m8	S	0	pyclone_binomial	0.45297029703	0.918269230769	1.0	0.32
m8	S	12	pyclone_binomial	0.479371316306	0.915873015873	1.0	0.345679012346
m8	S	23	pyclone_binomial	0.56863908025	0.881015335801	1.0	0.457831325301
m8	S	2	pyclone_binomial	0.659040590406	0.945436507937	1.0	0.521739130435
m8	S	31	pyclone_binomial	0.651089854163	0.927346938776	1.0	0.524064171123
m8	S	35	pyclone_binomial	0.418335655219	0.881801801802	1.0	0.302127659574
m8	S	37	pyclone_binomial	0.741496362754	0.954124748491	0.994652406417	0.622073578595
m8	S	54	pyclone_binomial	0.651466027629	0.928778467909	1.0	0.523545706371
m8	S	5	pyclone_binomial	0.625604781496	0.934418815016	1.0	0.489436619718
m8	S	69	pyclone_binomial	0.575172024703	0.875496031746	1.0	0.469344608879
m8	M	172	pyclone_binomial	0.240375871476	0.822420634921	1.0	0.167441860465
m8	M	19	pyclone_binomial	0.478340965314	0.869322152341	1.0	0.366101694915
m8	M	216	pyclone_binomial	0.657593835446	0.939503932244	1.0	0.52380952381
m8	M	239	pyclone_binomial	0.738207289045	0.944711538462	1.0	0.622950819672
m8	M	241	pyclone_binomial	0.738092235736	0.957937584803	1.0	0.6125
m8	M	243	pyclone_binomial	0.533425462083	0.914476119956	1.0	0.4
m8	M	35	pyclone_binomial	0.514748081155	0.913461538462	1.0	0.381443298969
m8	M	45	pyclone_binomial	0.503862603878	0.889901823282	1.0	0.38188976378
m8	M	76	pyclone_binomial	0.841799560254	0.978468899522	1.0	0.743902439024
m8	M	7	pyclone_binomial	0.629312663704	0.946386946387	1.0	0.486607142857
m8	R	10046	pyclone_binomial	0.743682568627	0.955315315315	1.0	0.621951219512
m8	R	10157	pyclone_binomial	0.433785069826	0.934320074006	1.0	0.29702970297
m8	R	1070	pyclone_binomial	0.751880653596	0.944135802469	1.0	0.642292490119
m8	R	157	pyclone_binomial	0.536973047685	0.899034240562	1.0	0.411764705882
m8	R	30342	pyclone_binomial	0.750802320886	0.945306122449	1.0	0.639784946237
m8	R	383	pyclone_binomial	0.771022518221	0.958565971202	1.0	0.656934306569
m8	R	394	pyclone_binomial	0.489859832716	0.891891891892	1.0	0.366666666667
m8	R	905	pyclone_binomial	0.60885863411	0.926624737945	1.0	0.475
m8	R	981	pyclone_binomial	0.813379575659	0.972789115646	1.0	0.706013363029
m8	R	9	pyclone_binomial	0.574401008827	0.916083916084	1.0	0.442724458204
m5	mS	0	pyclone_org	0.0701582839333	0.398319327731	1.0	0.102756892231
m5	mS	10	pyclone_org	0.443495400788	0.809523809524	1.0	0.36231884058
m5	mS	12	pyclone_org	0.0424403183024	0.333333333333	1.0	0.0731707317073
m5	mS	2	pyclone_org	0.643008924777	0.883333333333	1.0	0.548387096774
m5	mS	3	pyclone_org	0.0610871995662	0.381712626996	1.0	0.0926517571885
m5	mS	4	pyclone_org	0.436036480158	0.80303030303	1.0	0.358024691358
m5	mS	5	pyclone_org	0.626334519573	0.919047619048	1.0	0.5
m5	mS	7	pyclone_org	0.132567125731	0.480672268908	1.0	0.16935483871
m5	mS	8	pyclone_org	0.71319765545	0.919448476052	1.0	0.610526315789
m5	mS	9	pyclone_org	0.545454545455	0.861111111111	1.0	0.444444444444
m5	S	17	pyclone_org	0.560646532497	0.81289640592	1.0	0.506963788301
m5	S	23	pyclone_org	0.674124721034	0.89306122449	1.0	0.581469648562
m5	S	25	pyclone_org	0.142857142857	0.556923076923	1.0	0.147928994083
m5	S	31	pyclone_org	0.0343384299991	0.233613445378	1.0	0.136363636364
m5	S	32	pyclone_org	0.79792746114	0.937198067633	1.0	0.717391304348
m5	S	35	pyclone_org	0.344937773293	0.791463414634	1.0	0.269230769231
m5	S	40	pyclone_org	0.43519781719	0.806763285024	1.0	0.354838709677
m5	S	49	pyclone_org	0.0646812307042	0.353276353276	1.0	0.11328125
m5	S	62	pyclone_org	0.0299212779936	0.221505376344	1.0	0.108374384236
m5	S	81	pyclone_org	0.410589821522	0.790322580645	1.0	0.337579617834
m5	M	209	pyclone_org	0.382513746229	0.804705882353	1.0	0.300561797753
m5	M	473	pyclone_org	0.423543363555	0.833333333333	1.0	0.328220858896
m5	M	512	pyclone_org	0.294958878832	0.77243293247	1.0	0.228840125392
m5	M	534	pyclone_org	0.505914972274	0.846590909091	1.0	0.408759124088
m5	M	545	pyclone_org	0.283065315387	0.748792270531	1.0	0.22619047619
m5	M	565	pyclone_org	0.487091757387	0.836974789916	1.0	0.39375
m5	M	694	pyclone_org	0.572821990689	0.885365853659	1.0	0.459770114943
m5	M	76	pyclone_org	0.624452485241	0.912518853695	1.0	0.502145922747
m5	M	865	pyclone_org	0.655186171647	0.898395721925	1.0	0.551181102362
m5	M	907	pyclone_org	0.697873734674	0.923896499239	1.0	0.585921325052
m5	R	1140	pyclone_org	0.301933297389	0.690058479532	1.0	0.27397260274
m5	R	17	pyclone_org	0.30576682096	0.714078374456	1.0	0.264925373134
m5	R	2155	pyclone_org	0.219179931263	0.645390070922	1.0	0.201596806387
m5	R	247	pyclone_org	0.507137210718	0.853658536585	1.0	0.405660377358
m5	R	518	pyclone_org	0.330634538422	0.727752639517	1.0	0.285148514851
m5	R	538	pyclone_org	0.824193315005	0.957575757576	1.0	0.73640167364
m5	R	571	pyclone_org	0.259083728278	0.680952380952	1.0	0.229885057471
m5	R	950	pyclone_org	0.0988929889299	0.530583214794	1.0	0.103260869565
m5	R	955	pyclone_org	0.486754966887	0.868951612903	1.0	0.375
m5	R	981	pyclone_org	0.434095102862	0.800546448087	1.0	0.357394366197
m8	mS	0	pyclone_org	0.0256607223347	0.284081632653	1.0	0.0508658008658
m8	mS	10	pyclone_org	0.558726653085	0.829457364341	1.0	0.486666666667
m8	mS	12	pyclone_org	0.115448136462	0.548758865248	1.0	0.117850953206
m8	mS	2	pyclone_org	0.116778579472	0.48433048433	1.0	0.142180094787
m8	mS	3	pyclone_org	0.0415115370028	0.334426229508	1.0	0.070938215103
m8	mS	4	pyclone_org	0.120322204631	0.51581920904	1.0	0.134343434343
m8	mS	5	pyclone_org	0.0339694579083	0.295625942685	1.0	0.0669330669331
m8	mS	7	pyclone_org	0.0462616470352	0.316734693878	1.0	0.0882352941176
m8	mS	8	pyclone_org	0.196412515735	0.666999667	1.0	0.169435215947
m8	mS	9	pyclone_org	0.00734878462408	0.114919354839	1.0	0.0559139784946
m8	S	0	pyclone_org	0.0420815003473	0.387980769231	1.0	0.0591278640059
m8	S	12	pyclone_org	0.0171942164908	0.201587301587	1.0	0.0527306967985
m8	S	23	pyclone_org	0.12988445705	0.483870967742	1.0	0.16295025729
m8	S	2	pyclone_org	0.030754289414	0.25744047619	1.0	0.0742115027829
m8	S	31	pyclone_org	0.0148442880098	0.159183673469	1.0	0.0868794326241
m8	S	35	pyclone_org	0.0123653259923	0.154594594595	1.0	0.0570739549839
m8	S	37	pyclone_org	0.0361094270033	0.259557344064	1.0	0.0922545633942
m8	S	54	pyclone_org	0.125355081096	0.51884057971	1.0	0.139896373057
m8	S	5	pyclone_org	0.0795432817808	0.444595205789	1.0	0.101682516459
m8	S	69	pyclone_org	0.136333895795	0.481646825397	1.0	0.175217048145
m8	M	172	pyclone_org	0.020942408377	0.257936507937	1.0	0.0459183673469
m8	M	19	pyclone_org	0.284527518172	0.745632424878	1.0	0.228813559322
m8	M	216	pyclone_org	0.149794108625	0.598306110103	1.0	0.142118863049
m8	M	239	pyclone_org	0.413468648061	0.812980769231	1.0	0.328151986183
m8	M	241	pyclone_org	0.220878992192	0.701944821348	1.0	0.182382133995
m8	M	243	pyclone_org	0.167819811951	0.65938541281	1.0	0.143389199255
m8	M	35	pyclone_org	0.0880171649797	0.502884615385	1.0	0.096943231441
m8	M	45	pyclone_org	0.183087790572	0.647966339411	1.0	0.161936560935
m8	M	76	pyclone_org	0.310172186246	0.795967190704	1.0	0.234615384615
m8	M	7	pyclone_org	0.0820906049457	0.495104895105	1.0	0.0914429530201
m8	R	10046	pyclone_org	0.433758882866	0.850810810811	1.0	0.330097087379
m8	R	10157	pyclone_org	0.04606963518	0.480111008326	1.0	0.0506756756757
m8	R	1070	pyclone_org	0.302147797597	0.71512345679	1.0	0.260416666667
m8	R	157	pyclone_org	0.149644008231	0.586040386304	1.0	0.145833333333
m8	R	30342	pyclone_org	0.0991615020051	0.423673469388	1.0	0.144242424242
m8	R	383	pyclone_org	0.645643334621	0.926241551572	1.0	0.518234165067
m8	R	394	pyclone_org	0.0578978964411	0.371266002845	1.0	0.0905349794239
m8	R	905	pyclone_org	0.076883729957	0.426275331936	1.0	0.103711790393
m8	R	981	pyclone_org	0.246156377117	0.732838589981	1.0	0.196528208308
m8	R	9	pyclone_org	0.365721997301	0.824708624709	1.0	0.275529865125
m5	mS	0	pyclone_org_binomial	0.685119553538	0.944537815126	1.0	0.554054054054
m5	mS	10	pyclone_org_binomial	0.693317598466	0.922077922078	1.0	0.581395348837
m5	mS	12	pyclone_org_binomial	0.590998043053	0.93567251462	1.0	0.45
m5	mS	2	pyclone_org_binomial	0.770883054893	0.933333333333	1.0	0.68
m5	mS	3	pyclone_org_binomial	0.681307456588	0.947750362845	1.0	0.547169811321
m5	mS	4	pyclone_org_binomial	0.944413250983	0.988636363636	1.0	0.90625
m5	mS	5	pyclone_org_binomial	0.709476596726	0.942857142857	1.0	0.586206896552
m5	mS	7	pyclone_org_binomial	0.786005729664	0.951260504202	1.0	0.684782608696
m5	mS	8	pyclone_org_binomial	0.888458155948	0.973149492017	1.0	0.824644549763
m5	mS	9	pyclone_org_binomial	0.87323943662	0.972222222222	1.0	0.8
m5	S	17	pyclone_org_binomial	0.627621001275	0.849894291755	1.0	0.561728395062
m5	S	23	pyclone_org_binomial	0.722168642521	0.912653061224	1.0	0.629757785467
m5	S	25	pyclone_org_binomial	0.571732199787	0.904615384615	1.0	0.446428571429
m5	S	31	pyclone_org_binomial	0.734865363804	0.929411764706	1.0	0.631578947368
m5	S	32	pyclone_org_binomial	0.848095929552	0.954589371981	1.0	0.778301886792
m5	S	35	pyclone_org_binomial	0.60128367208	0.914634146341	1.0	0.473684210526
m5	S	40	pyclone_org_binomial	0.781112737921	0.949758454106	1.0	0.679012345679
m5	S	49	pyclone_org_binomial	0.616616908177	0.91452991453	1.0	0.491525423729
m5	S	62	pyclone_org_binomial	0.474283324815	0.843010752688	1.0	0.376068376068
m5	S	81	pyclone_org_binomial	0.788628857559	0.951612903226	1.0	0.688311688312
m5	M	209	pyclone_org_binomial	0.461945678663	0.850196078431	1.0	0.359060402685
m5	M	473	pyclone_org_binomial	0.661112929079	0.929223744292	1.0	0.535
m5	M	512	pyclone_org_binomial	0.548097498789	0.906567992599	1.0	0.419540229885
m5	M	534	pyclone_org_binomial	0.673561151079	0.916666666667	1.0	0.56
m5	M	545	pyclone_org_binomial	0.586437457267	0.913043478261	1.0	0.457831325301
m5	M	565	pyclone_org_binomial	0.739112401493	0.93781512605	1.0	0.63
m5	M	694	pyclone_org_binomial	0.842726467985	0.968292682927	1.0	0.754716981132
m5	M	76	pyclone_org_binomial	0.834087122114	0.969079939668	1.0	0.740506329114
m5	M	865	pyclone_org_binomial	0.799021606196	0.948306595365	1.0	0.707070707071
m5	M	907	pyclone_org_binomial	0.78584994954	0.950532724505	1.0	0.685230024213
m5	R	1140	pyclone_org_binomial	0.748563026333	0.93567251462	1.0	0.645161290323
m5	R	17	pyclone_org_binomial	0.785108735717	0.952104499274	1.0	0.682692307692
m5	R	2155	pyclone_org_binomial	0.598854238735	0.902482269504	1.0	0.478672985782
m5	R	247	pyclone_org_binomial	0.764188551779	0.947735191638	1.0	0.656488549618
m5	R	518	pyclone_org_binomial	0.873642081189	0.972850678733	1.0	0.8
m5	R	538	pyclone_org_binomial	0.853948791922	0.965656565657	1.0	0.775330396476
m5	R	571	pyclone_org_binomial	0.861035422343	0.973015873016	1.0	0.779220779221
m5	R	950	pyclone_org_binomial	0.647255861891	0.947368421053	1.0	0.506666666667
m5	R	955	pyclone_org_binomial	0.875458243359	0.979838709677	1.0	0.795918367347
m5	R	981	pyclone_org_binomial	0.570324702677	0.872677595628	1.0	0.465596330275
m8	mS	0	pyclone_org_binomial	0.526661514683	0.937959183673	1.0	0.382113821138
m8	mS	10	pyclone_org_binomial	0.908055729971	0.97342192691	1.0	0.858823529412
m8	mS	12	pyclone_org_binomial	0.495247500309	0.897163120567	1.0	0.369565217391
m8	mS	2	pyclone_org_binomial	0.699088145897	0.937321937322	1.0	0.576923076923
m8	mS	3	pyclone_org_binomial	0.556819833011	0.928961748634	1.0	0.417040358744
m8	mS	4	pyclone_org_binomial	0.71387798663	0.947457627119	1.0	0.588495575221
m8	mS	5	pyclone_org_binomial	0.668811868824	0.954751131222	1.0	0.527559055118
m8	mS	7	pyclone_org_binomial	0.650152565047	0.937959183673	1.0	0.515923566879
m8	mS	8	pyclone_org_binomial	0.592714662436	0.920412920413	1.0	0.460496613995
m8	mS	9	pyclone_org_binomial	0.378604110683	0.860887096774	1.0	0.273684210526
m8	S	0	pyclone_org_binomial	0.359566639411	0.884134615385	1.0	0.249221183801
m8	S	12	pyclone_org_binomial	0.474253569883	0.914285714286	1.0	0.341463414634
m8	S	23	pyclone_org_binomial	0.581398102436	0.886303543099	1.0	0.469135802469
m8	S	2	pyclone_org_binomial	0.469250210615	0.888392857143	1.0	0.347826086957
m8	S	31	pyclone_org_binomial	0.601534828808	0.911836734694	1.0	0.47572815534
m8	S	35	pyclone_org_binomial	0.426073375212	0.885045045045	1.0	0.308026030369
m8	S	37	pyclone_org_binomial	0.622759661091	0.922736418511	1.0	0.493403693931
m8	S	54	pyclone_org_binomial	0.626482956682	0.92132505176	1.0	0.498680738786
m8	S	5	pyclone_org_binomial	0.523213987416	0.903663500678	1.0	0.394886363636
m8	S	69	pyclone_org_binomial	0.576305382939	0.875992063492	1.0	0.470338983051
m8	M	172	pyclone_org_binomial	0.31156058638	0.868551587302	1.0	0.213649851632
m8	M	19	pyclone_org_binomial	0.576615831518	0.907756813417	1.0	0.45
m8	M	216	pyclone_org_binomial	0.612138750929	0.927404718693	1.0	0.478260869565
m8	M	239	pyclone_org_binomial	0.750898203593	0.948076923077	1.0	0.637583892617
m8	M	241	pyclone_org_binomial	0.716844033138	0.95341474446	1.0	0.588
m8	M	243	pyclone_org_binomial	0.475080140827	0.894483524621	1.0	0.350797266515
m8	M	35	pyclone_org_binomial	0.474684973688	0.9	1.0	0.347962382445
m8	M	45	pyclone_org_binomial	0.523699599643	0.897381954184	1.0	0.398630136986
m8	M	76	pyclone_org_binomial	0.779006217368	0.967874231032	1.0	0.660649819495
m8	M	7	pyclone_org_binomial	0.496838185729	0.911421911422	1.0	0.364548494983
m8	R	10046	pyclone_org_binomial	0.501354265278	0.881801801802	1.0	0.383458646617
m8	R	10157	pyclone_org_binomial	0.321947881622	0.898242368178	1.0	0.214285714286
m8	R	1070	pyclone_org_binomial	0.751880653596	0.944135802469	1.0	0.642292490119
m8	R	157	pyclone_org_binomial	0.528585124943	0.895961369622	1.0	0.404522613065
m8	R	30342	pyclone_org_binomial	0.697365775186	0.929795918367	1.0	0.580487804878
m8	R	383	pyclone_org_binomial	0.593614108818	0.909785483397	1.0	0.467937608319
m8	R	394	pyclone_org_binomial	0.521059592033	0.903271692745	1.0	0.392857142857
m8	R	905	pyclone_org_binomial	0.478310672198	0.881900768693	1.0	0.359848484848
m8	R	981	pyclone_org_binomial	0.642793358398	0.936714079571	1.0	0.508012820513
m8	R	9	pyclone_org_binomial	0.574401008827	0.916083916084	1.0	0.442724458204
